ID,firstName,lastName,email,phoneNumber,statusCode
1,John,Doe,johndoe@gmail.com,1234567890,200
2,Jane,Smith,janesmith@gmail.com,2345678901,200
3,Michael,Johnson,michaeljohnson@gmail.com,3456789012,200
4,Emma,Jones,emmajones@gmail.com,4567890123,200
5,David,Williams,davidwilliams@gmail.com,5678901234,200
6,Sophia,Brown,sophiabrown@gmail.com,6789012345,200
7,James,Davis,jamesdavis@gmail.com,7890123456,200
8,Charlotte,Miller,charlottemiller@gmail.com,8901234567,200
9,William,Wilson,williamwilson@gmail.com,9012345678,200
10,Olivia,Moore,oliviamoore@gmail.com,0123456789,200